model,task_id,prompt,output,latency_s,input_tokens,output_tokens
gpt-5-chat,missing_1,"
You are a senior data analyst. I have this dataset summary (in CSV):

column,missing_count,mean,std,min,max
age,10,35,7,18,65
income,50,25000,12000,5000,90000
city,0,NA,NA,NA,NA

1) Describe the missing value pattern.
2) Propose a reasonable imputation strategy.
3) Mention risks or caveats.
","Let's break it down step by step.

---

### 1) Missing Value Pattern

| Column | Missing Count | Total Missing (%) | Observation |
|---------|----------------|-------------------|--------------|
| `age`   | 10             | Depends on dataset size (not given) | Moderate missingness. Numeric variable (continuous). |
| `income`| 50             | Higher rate of missingness. Continuous variable, possibly skewed (large range from 5k‚Äì90k). |
| `city`  | 0              | 0%                | No missing values. Categorical feature. |

**Pattern summary**:
- Missingness is not uniform across columns.
- `income` has significantly more missing data than `age`.  
- `city` has complete data, so it might help infer missingness in others (e.g., income may differ by city).

---

### 2) Reasonable Imputation Strategy

**a. `age` (10 missing values):**
- Since only small/moderate missingness and approximately normal distribution (`mean=35`, `std=7`, bounded between 18‚Äì65`):
  - Option‚ÄØ1 (Simple): Replace missing `age` with the **mean** (35) or **median** (slightly more robust, likely around 34‚Äì36).  
  - Option‚ÄØ2 (Better): Use **regression imputation** ‚Äî predict `age` based on other fields such as `income` and `city`.

**b. `income` (50 missing values):**
- Higher missing percentage, large range ‚Äî likely **right‚Äëskewed** (due to 5k‚Äì90k).  
  - Option‚ÄØ1: Impute using the **median** per `city` (robust to outliers, accounts for regional differences).  
  - Option‚ÄØ2: Use **model‚Äëbased imputation** (e.g., linear regression, random forest) using predictors like `age` and `city`.
  - Option‚ÄØ3: If modeling later, consider **flagging** missing `income` with an additional Boolean (‚Äúincome_missing‚Äù) variable to capture potential non‚Äërandom missingness.

**c. `city` (0 missing values):**
- No imputation needed.

---

### 3) Risks / Caveats

| Issue | Explanation / Risk |
|--------|--------------------|
| **Bias** | If missingness is not random (e.g., low‚Äëincome individuals less likely to report income), mean/median imputation will bias the distribution. |
| **Variance underestimation** | Mean/median imputation reduces variability and artificially tightens confidence intervals. |
| **Model distortion** | Imputed values introduce uncertainty not reflected in the data; downstream models may see misleadingly ‚Äúclean‚Äù data. |
| **Overdependence on `city`** | If you use group‚Äëbased imputation (median by city), ensure",6.699122428894043,111,600
gpt-5-chat,ts_1,"
You are a time series expert. I have this monthly revenue series (index, month, value):

1,2023-01,100
2,2023-02,110
3,2023-03,130
4,2023-04,140
5,2023-05,160
6,2023-06,170
7,2023-07,200
8,2023-08,210
9,2023-09,180
10,2023-10,220
11,2023-11,230
12,2023-12,250

1) Describe trend and any anomalies.
2) Give a short qualitative forecast for the next 3 months.
","Let's analyze this step by step.

---

### 1Ô∏è‚É£ Trend and Anomalies

**Trend:**
- Overall, revenue is **steadily increasing** through 2023.
- From Jan‚ÄìAug, we see **consistent month-over-month growth**, rising from 100 ‚Üí 210.
- That‚Äôs roughly a **doubling (110% increase)** in 8 months, suggesting a strong upward trend.

**Rate of growth:**
Approximate monthly growth = (210 ‚Äì 100) / 8 ‚âà +13.75 per month (about 13‚Äì14% of Jan‚Äôs value on average).

**Anomalies or irregularities:**
- **September (180)** shows a **dip** from August‚Äôs 210 ‚Äî the only month where revenue declines.
  - This could reflect a seasonal lull, a one-off issue (e.g., operational slowdown), or customer timing shifts.
- After that, growth resumes sharply: Oct‚ÄìDec (220, 230, 250).

So overall:
- **Primary pattern:** upward trend with one temporary dip in September.
- **Possible mild seasonality:** slight slowdown in early fall, then a strong year-end finish.

---

### 2Ô∏è‚É£ Qualitative Forecast for Next 3 Months

Given the strong end-of-year momentum and overall growth trend:

| Month | Expected pattern | Qualitative forecast |
|--------|------------------|----------------------|
| **2024‚Äë01** | typically slight post‚ÄëDecember normalization, but trend remains strong | Slight drop or plateau near **240‚Äì260** |
| **2024‚Äë02** | continued upward trajectory | Mild growth, around **250‚Äì270** |
| **2024‚Äë03** | upward continuation | Possibly **260‚Äì280** |

**Summary:**  
You can expect **continued growth** in early 2024, possibly at a slightly slower rate than the second half of 2023 as the series matures, unless there‚Äôs seasonality that consistently depresses post-holiday months.

---

### üß≠ Characterization
- **Trend:** Clearly upward
- **Short-term seasonal effect:** Possible mid-year or early-fall dip
- **Noise level:** Low, smooth monthly changes
- **Forecast (direction):** Likely to **increase modestly** over the next 3 months, maintaining the overall growth trajectory.

---

Would you like me to quantify this using a simple linear or exponential projection (e.g. to estimate expected numeric values for Jan‚ÄìMar 2024)?",5.890496730804443,169,511
gpt-5-chat,stats_1,"
You are a senior data scientist. I have this dataset summary:

- 1000 rows.
- Variables:
    * age (numeric, 18-80, mean=40, std=12)
    * income (numeric, strongly right-skewed, many values close to 0, some very large)
    * churn (binary: 1 if customer left, 0 otherwise)
    * segment (categorical: A, B, C)

Tasks:
1) Propose 2-3 hypotheses that would be interesting to test statistically.
2) Explain briefly which statistical methods you would use for each hypothesis.
3) Suggest 2 simple visualizations to better understand the data.
","Here‚Äôs how I‚Äôd approach this as a senior data scientist:  

---

### **1) Hypotheses**

**H1:**  
Customers with higher income are less likely to churn.  
- *Intuition:* Higher-income customers might find the service cost less significant or have higher engagement.

**H2:**  
Average age differs across customer segments (A, B, C).  
- *Intuition:* Certain segments could correspond to different demographics.

**H3:**  
Churn rate differs by segment.  
- *Intuition:* Some customer segments may contain inherently more loyal or less satisfied customers.

---

### **2) Statistical methods**

**For H1 (income vs. churn):**  
- Since `churn` is binary and `income` is continuous (right-skewed):  
  - Use a **logistic regression** with churn as the dependent variable and income as a predictor.
  - Because of the skew, consider **log-transforming income** (`log(income + 1)`).
  - Alternatively, compare income distributions for churned vs. retained customers via a **Mann‚ÄìWhitney U test** (non-parametric).  

**For H2 (age vs. segment):**  
- Test whether mean age varies across segments using **one-way ANOVA** (if approximately normal) or **Kruskal‚ÄìWallis test** (if not normal).  

**For H3 (churn vs. segment):**  
- Both categorical variables ‚Üí use **Chi-square test of independence** or Fisher‚Äôs Exact test (if small sample cells).  

---

### **3) Visualizations**

1. **Histogram (or boxplot) of income by churn status**  
   - Helps visualize skewness and potential differences between churned/non-churned customers.

2. **Bar chart of churn rate by customer segment**  
   - Makes it easy to see if some segments have a higher proportion of churners.

*(Optional extra: scatterplot of age vs. income, colored by churn or segmented by customer group.)*

---

Would you like me to outline how to implement these hypotheses and visuals in Python (e.g., with `pandas`, `seaborn`, `statsmodels`)?",5.08626651763916,159,455
o4-mini,missing_1,"
You are a senior data analyst. I have this dataset summary (in CSV):

column,missing_count,mean,std,min,max
age,10,35,7,18,65
income,50,25000,12000,5000,90000
city,0,NA,NA,NA,NA

1) Describe the missing value pattern.
2) Propose a reasonable imputation strategy.
3) Mention risks or caveats.
",,4.554178714752197,110,600
o4-mini,ts_1,"
You are a time series expert. I have this monthly revenue series (index, month, value):

1,2023-01,100
2,2023-02,110
3,2023-03,130
4,2023-04,140
5,2023-05,160
6,2023-06,170
7,2023-07,200
8,2023-08,210
9,2023-09,180
10,2023-10,220
11,2023-11,230
12,2023-12,250

1) Describe trend and any anomalies.
2) Give a short qualitative forecast for the next 3 months.
","1) Trend and anomalies  
‚Ä¢ Strong overall upward trend ‚Äì revenue rose from 100 in Jan-23 to 250 in Dec-23.  
‚Ä¢ Growth accelerated in the second half of the year (e.g. +30 in Jul and Oct).  
‚Ä¢ A noticeable deviation in September (210‚Üí180), likely an anomaly or one-off seasonal effect.  

2) Short qualitative forecast for Jan-Mar 2024  
‚Ä¢ January: expect revenue to hold near year-end levels (around 260‚Äì270), with possibly a slight seasonal dip.  
‚Ä¢ February: growth should resume, adding roughly 10‚Äì15% (‚âà 280‚Äì290).  
‚Ä¢ March: continuation of that trend, potentially reaching 300‚Äì320 if the post-Q1 uplift mirrors the strong pattern from 2023.",4.204532861709595,168,569
o4-mini,stats_1,"
You are a senior data scientist. I have this dataset summary:

- 1000 rows.
- Variables:
    * age (numeric, 18-80, mean=40, std=12)
    * income (numeric, strongly right-skewed, many values close to 0, some very large)
    * churn (binary: 1 if customer left, 0 otherwise)
    * segment (categorical: A, B, C)

Tasks:
1) Propose 2-3 hypotheses that would be interesting to test statistically.
2) Explain briefly which statistical methods you would use for each hypothesis.
3) Suggest 2 simple visualizations to better understand the data.
",,3.9322080612182617,158,600
DeepSeek-V3.1,missing_1,"
You are a senior data analyst. I have this dataset summary (in CSV):

column,missing_count,mean,std,min,max
age,10,35,7,18,65
income,50,25000,12000,5000,90000
city,0,NA,NA,NA,NA

1) Describe the missing value pattern.
2) Propose a reasonable imputation strategy.
3) Mention risks or caveats.
","Of course. As a senior data analyst, here is my assessment of your dataset.

### 1) Missing Value Pattern

The missing values are not random; they exhibit a clear and distinct pattern across the three variables:

*   **`city`:** This is a categorical variable and has **0 missing values**. It is completely populated.
*   **`age`:** This numerical variable has **10 missing values** (a relatively small proportion of the dataset).
*   **`income`:** This numerical variable has **50 missing values**, which is a significantly higher number of missing entries than the `age` column.

This pattern suggests that the mechanism behind the missing data is likely **Missing Not At Random (MNAR)** or related to the data collection process itself. A plausible hypothesis is that the `income` field was a more sensitive question, leading to a higher non-response rate. There might also be a systematic reason why records missing `income` are also slightly more likely to be missing `age` (e.g., a specific survey version or user group that skipped certain sections).

### 2) Proposed Imputation Strategy

Given the pattern, a single imputation method is not sufficient. I propose a two-tiered strategy:

**For the `income` variable (50 missing values):**
Given the high number of missing values and its sensitivity, a model-based approach is most appropriate to capture potential relationships with other variables.
1.  **Use a Predictive Model:** Employ a **Regression Imputation** technique. Since we have a complete `city` variable, it can be a strong predictor.
    *   Convert the `city` variable into dummy variables (one-hot encoding).
    *   Train a model (e.g., Linear Regression, or a more robust model like **Random Forest** to handle potential non-linear relationships) on the complete cases where `income` is not missing, using `age` and the `city` dummies as features.
    *   Use this trained model to predict the missing `income` values.

**For the `age` variable (10 missing values):**
Given the small number of missing values, a simpler method is adequate and reduces computational overhead.
1.  **Use Mean/Median Imputation with a Twist:** Instead of the overall mean (35), calculate the **mean age grouped by `city`**. Impute the missing `age` values with the mean age of the respective individual's city. This is more contextually relevant than a global mean and leverages the complete `city` data.

### 3) Risks and Caveats

Any imputation introduces potential bias and error. Key caveats for this strategy include:

*   **Underestimation of Variance:** Both mean and regression imputation reduce the overall variance (spread) of the dataset. The imputed values will lie neatly along the regression line or at the mean, failing to represent the natural randomness of the data. This can lead to underestimated standard errors and overconfident (i.e., overly narrow) confidence intervals in subsequent analyses.
*   **MNAR Assumption:** Our entire strategy is based on the assumption that the missingness is related to `city` and `age`. If the real reason for missing `income` is something we haven't measured (e.g., individuals with very high or very low incomes selectively refusing to answer), our imputation model will be systematically biased and will not correct for this underlying bias.
*   **Model Dependency:** The quality of the `income` imputation is entirely dependent on the performance of the predictive model. If `age` and `city` are weak predictors of `income` in your dataset, the imputations will be poor. It is crucial to check the model's performance (e.g., R-squared on a validation set) before proceeding.
*   **Data Relationships:** Imputing values based on relationships between variables artificially strengthens those same relationships in the data. This can inflate correlation coefficients and other association measures in your final analysis.

**Recommendation:** Always perform a sensitivity analysis. Run your key analyses on: 1) the dataset with imputed values, and 2) a dataset with only complete cases. Compare the results. If the conclusions are meaningfully different, the imputation method and the missing data mechanism must be investigated further. For critical decisions, consider using **multiple imputation**, which creates several different plausible imputed datasets to account for the uncertainty inherent in the imputation process.",10.6812903881073,109,906
DeepSeek-V3.1,ts_1,"
You are a time series expert. I have this monthly revenue series (index, month, value):

1,2023-01,100
2,2023-02,110
3,2023-03,130
4,2023-04,140
5,2023-05,160
6,2023-06,170
7,2023-07,200
8,2023-08,210
9,2023-09,180
10,2023-10,220
11,2023-11,230
12,2023-12,250

1) Describe trend and any anomalies.
2) Give a short qualitative forecast for the next 3 months.
","Let's analyze the monthly revenue time series step by step.

### 1) Trend and Anomalies:
- **Trend**: The data shows a clear **upward trend** over the 12 months. Revenue increases from 100 in January 2023 to 250 in December 2023, with only one minor dip (see anomalies). The growth appears to be relatively steady, with some months showing larger jumps (e.g., from 130 to 140, 160 to 170, 200 to 210) and others more modest.
  
- **Anomalies**: 
  - There is a noticeable **dip in September 2023** (value 180), which breaks the consistent upward pattern. Prior to September, revenue rose from 170 (June) to 200 (July) to 210 (August), but then dropped to 180 in September before resuming growth. This could indicate a seasonal effect (e.g., post-summer slowdown), a one-time event, or noise. 
  - Otherwise, the series is consistent with positive growth.

### 2) Qualitative Forecast for Next 3 Months (Jan 2024, Feb 2024, Mar 2024):
Given the strong upward trend and the recovery after the September dip, I expect revenue to **continue growing** over the next three months. However, growth might moderate slightly compared to the steep increases seen in late 2023 (e.g., Nov and Dec had jumps of 20 and 30 units). 

- **January 2024**: Likely around 260-270 (considering typical New Year momentum, but possibly slightly lower growth than December due to seasonality).
- **February 2024**: Around 280-290 (steady growth, possibly influenced by Valentine's Day or similar factors if applicable).
- **March 2024**: Around 300-310 (continued growth, potentially stronger as spring begins).

**Note**: This is a qualitative forecast based on pattern recognition. For accuracy, quantitative methods (e.g., exponential smoothing, ARIMA) should be applied, and external factors (e.g., holidays, economic conditions) should be considered. The September anomaly might repeat if seasonal, so watch for similar dips in future cycles.",5.532754898071289,165,459
DeepSeek-V3.1,stats_1,"
You are a senior data scientist. I have this dataset summary:

- 1000 rows.
- Variables:
    * age (numeric, 18-80, mean=40, std=12)
    * income (numeric, strongly right-skewed, many values close to 0, some very large)
    * churn (binary: 1 if customer left, 0 otherwise)
    * segment (categorical: A, B, C)

Tasks:
1) Propose 2-3 hypotheses that would be interesting to test statistically.
2) Explain briefly which statistical methods you would use for each hypothesis.
3) Suggest 2 simple visualizations to better understand the data.
","Of course. As a senior data scientist, here is my analysis and plan based on your dataset summary.

### 1. Proposed Hypotheses to Test

Here are three data-driven hypotheses that could provide valuable business insights:

1.  **Hypothesis 1: Customer churn is not random but is significantly associated with customer segment.**
    *   **Rationale:** Different customer segments (A, B, C) may have varying needs, satisfaction levels, or price sensitivities. Understanding which segment is most at risk allows for targeted retention strategies.

2.  **Hypothesis 2: There is a significant difference in income between customers who churn and those who do not.**
    *   **Rationale:** Income can be a proxy for price sensitivity or the ability to afford a service. Customers with lower incomes might be more likely to churn due to cost, or conversely, high-income customers might be more likely to leave for a premium competitor.

3.  **Hypothesis 3: Age has a non-zero correlation with the likelihood to churn.**
    *   **Rationale:** Different age demographics may have different brand loyalties, technological adoption rates, or life stages that influence their decision to stay with or leave a service.

---

### 2. Proposed Statistical Methods

For each hypothesis, I would select a robust statistical test appropriate for the variable types.

*   **For Hypothesis 1 (Churn vs. Segment):**
    *   **Method: Chi-Square Test of Independence.**
    *   **Reasoning:** This is the standard test to determine if a significant association exists between two categorical variables (in this case, `churn` and `segment`). It will tell us if the distribution of churned customers across segments is different from what we would expect by random chance.

*   **For Hypothesis 2 (Churn vs. Income):**
    *   **Method: Mann-Whitney U Test.**
    *   **Reasoning:** The `income` variable is described as ""strongly right-skewed,"" which violates the normality assumption required for a classic t-test. The Mann-Whitney U test is a non-parametric alternative that compares the distributions of two independent groups (churned vs. retained) without assuming a normal distribution. It's robust to outliers and skewness.

*   **For Hypothesis 3 (Churn vs. Age):**
    *   **Method: Logistic Regression.**
    *   **Reasoning:** While a t-test could work here (as `age` is roughly normal), a simple logistic regression with `age` as the predictor and `churn` as the outcome is more powerful. It not only tests if a relationship exists (via the p-value for the `age` coefficient) but also quantifies the relationship: ""For each one-year increase in age, the *log-odds* of churning change by X."" This provides a direct and interpretable measure of the effect size.

---

### 3. Suggested Simple Visualizations

Visualizations are key for building intuition before formal testing.

1.  **Segmented Bar Chart for Churn by Segment**
    *   **Plot:** A bar chart where each bar represents a customer segment (A, B, C). Each bar is divided (stacked or grouped) to show the proportion of customers who churned (`churn=1`) vs. retained (`churn=0`) within that segment.
    *   **Purpose:** This provides an immediate visual check for **Hypothesis 1**. You can quickly see if one segment has a visibly higher proportion of churned customers than the others, guiding the need for the Chi-Square test.

2.  **Overlapping Histogram or Density Plot for Income` by `Churn` Status**
    *   **Plot:** Two histograms or smoothed density plots on the same axes. One represents the distribution of `income` for customers who churned, and the other for those who stayed.
    *   **Purpose:** This is the perfect visual for **Hypothesis 2**. It will clearly show if the central tendency and spread of the income distribution differ between the two groups. The right-skew will be immediately apparent, justifying the use of the Mann-Whitney U test over a t-test.

These steps would form the core of my initial exploratory data analysis (EDA) to understand the key drivers of churn in this dataset.",8.980461597442627,156,906
